date,rules,polymarket,iem_hourly,iem_hourly_n,iem_all,iem_daily,cli,nws_hourly,nws_hourly_n,awc_hourly,awc_hourly_n,b_iem_hourly,b_iem_all,b_iem_daily,b_cli,b_nws_hourly,b_awc_hourly
2026-04-01,wunderground,78-79°F,78,24/24,78,79.0,79,,,,,78-79°F,78-79°F,78-79°F,78-79°F,,
2026-04-02,wunderground,59°F or below,51,24/24,51,51.0,51,,,,,59°F or below,59°F or below,59°F or below,59°F or below,,
2026-04-03,wunderground,64-65°F,65,20/24,65,66.0,66,,,,,64-65°F,64-65°F,66-67°F,66-67°F,,
2026-04-04,wunderground,58°F or higher,68,24/24,68,68.0,68,,,,,58°F or higher,58°F or higher,58°F or higher,58°F or higher,,
2026-04-05,wunderground,67°F or below,57,24/24,57,57.0,57,,,,,67°F or below,67°F or below,67°F or below,67°F or below,,
2026-04-06,wunderground,54-55°F,54,24/24,54,55.0,55,,,,,54-55°F,54-55°F,54-55°F,54-55°F,,
2026-04-07,wunderground,52-53°F,53,24/24,53,53.0,57,,,,,52-53°F,52-53°F,52-53°F,56-57°F,,
2026-04-08,wunderground,46-47°F,47,24/24,47,48.0,48,,,,,46-47°F,46-47°F,48-49°F,48-49°F,,
2026-04-09,wunderground,48-49°F,49,24/24,49,50.0,50,,,,,48-49°F,48-49°F,50-51°F,50-51°F,,
2026-04-10,wunderground,58-59°F,59,24/24,59,60.0,60,,,,,58-59°F,58-59°F,60-61°F,60-61°F,,
2026-04-11,wunderground,60-61°F,61,24/24,61,61.0,61,,,,,60-61°F,60-61°F,60-61°F,60-61°F,,
2026-04-12,wunderground,54-55°F,54,24/24,54,54.0,54,,,,,54-55°F,54-55°F,54-55°F,54-55°F,,
2026-04-13,wunderground,78-79°F,79,24/24,79,79.0,79,,,,,78-79°F,78-79°F,78-79°F,78-79°F,,
2026-04-14,wunderground,84-85°F,85,24/24,85,86.0,86,,,,,84-85°F,84-85°F,86-87°F,86-87°F,,
2026-04-15,wunderground,86-87°F,87,23/24,87,88.0,88,,,,,86-87°F,86-87°F,88-89°F,88-89°F,,
2026-04-16,wunderground,86-87°F,86,24/24,86,86.0,86,,,,,86-87°F,86-87°F,86-87°F,86-87°F,,
2026-04-17,wunderground,77°F or below,77,24/24,77,78.0,78,,,,,77°F or below,77°F or below,78-79°F,78-79°F,,
2026-04-18,wunderground,60-61°F,61,24/24,61,63.0,63,,,,,60-61°F,60-61°F,62-63°F,62-63°F,,
2026-04-19,wunderground,52-53°F,53,24/24,53,54.0,54,,,,,52-53°F,52-53°F,54-55°F,54-55°F,,
2026-04-20,wunderground,50-51°F,50,24/24,50,51.0,51,,,,,50-51°F,50-51°F,50-51°F,50-51°F,,
2026-04-21,wunderground,52-53°F,52,24/24,52,53.0,53,,,,,52-53°F,52-53°F,52-53°F,52-53°F,,
2026-04-22,wunderground,55°F or below,55,24/24,55,55.0,55,,,,,55°F or below,55°F or below,55°F or below,55°F or below,,
2026-04-23,wunderground,70-71°F,71,24/24,71,71.0,71,,,,,70-71°F,70-71°F,70-71°F,70-71°F,,
2026-04-24,wunderground,64-65°F,65,24/24,65,65.0,65,,,,,64-65°F,64-65°F,64-65°F,64-65°F,,
2026-04-25,wunderground,50-51°F,50,24/24,50,50.0,50,,,,,50-51°F,50-51°F,50-51°F,50-51°F,,
2026-04-26,wunderground,56-57°F,57,24/24,57,57.0,57,,,,,56-57°F,56-57°F,56-57°F,56-57°F,,
2026-04-27,wunderground,66-67°F,67,24/24,67,68.0,68,,,,,66-67°F,66-67°F,68-69°F,68-69°F,,
2026-04-28,wunderground,64-65°F,64,24/24,64,64.0,64,,,,,64-65°F,64-65°F,64-65°F,64-65°F,,
2026-04-29,wunderground,60-61°F,61,24/24,61,62.0,62,,,,,60-61°F,60-61°F,62-63°F,62-63°F,,
2026-04-30,wunderground,60-61°F,60,24/24,60,61.0,61,,,,,60-61°F,60-61°F,60-61°F,60-61°F,,
2026-05-01,wunderground,64-65°F,64,24/24,64,64.0,64,,,,,64-65°F,64-65°F,64-65°F,64-65°F,,
2026-05-02,wunderground,60-61°F,60,24/24,60,61.0,61,,,,,60-61°F,60-61°F,60-61°F,60-61°F,,
2026-05-03,wunderground,60-61°F,60,24/24,60,60.0,60,,,,,60-61°F,60-61°F,60-61°F,60-61°F,,
2026-05-04,wunderground,70-71°F,71,24/24,71,72.0,72,,,,,70-71°F,70-71°F,72-73°F,72-73°F,,
2026-05-05,wunderground,76-77°F,76,24/24,76,77.0,77,,,,,76-77°F,76-77°F,76-77°F,76-77°F,,
2026-05-06,wunderground,66-67°F,67,24/24,67,67.0,67,,,,,66-67°F,66-67°F,66-67°F,66-67°F,,
2026-05-07,wunderground,64-65°F,64,24/24,64,64.0,64,,,,,64-65°F,64-65°F,64-65°F,64-65°F,,
2026-05-08,wunderground,62-63°F,63,24/24,63,63.0,63,,,,,62-63°F,62-63°F,62-63°F,62-63°F,,
2026-05-09,wunderground,64-65°F,64,24/24,64,65.0,65,,,,,64-65°F,64-65°F,64-65°F,64-65°F,,
2026-05-10,wunderground,72-73°F,73,24/24,73,74.0,74,,,,,72-73°F,72-73°F,74-75°F,74-75°F,,
2026-05-11,wunderground,60-61°F,61,24/24,61,62.0,62,,,,,60-61°F,60-61°F,62-63°F,62-63°F,,
2026-05-12,wunderground,66-67°F,67,24/24,67,67.0,67,,,,,66-67°F,66-67°F,66-67°F,66-67°F,,
2026-05-13,wunderground,70-71°F,71,24/24,71,72.0,72,,,,,70-71°F,70-71°F,72-73°F,72-73°F,,
2026-05-14,wunderground,66-67°F,67,24/24,67,68.0,68,,,,,66-67°F,66-67°F,68-69°F,68-69°F,,
2026-05-15,wunderground,64-65°F,65,24/24,65,66.0,66,,,,,64-65°F,64-65°F,66-67°F,66-67°F,,
2026-05-16,wunderground,76-77°F,77,24/24,77,78.0,78,,,,,76-77°F,76-77°F,78-79°F,78-79°F,,
2026-05-17,,,89,24/24,89,89.0,89,,,,,?,?,?,?,,
2026-05-18,,,87,22/24,87,87.0,87,,,,,?,?,?,?,,
2026-05-19,wunderground,95°F or below,95,24/24,95,96.0,96,,,,,95°F or below,95°F or below,96-97°F,96-97°F,,
2026-05-20,wunderground,94-95°F,95,24/24,95,96.0,96,,,,,94-95°F,94-95°F,96-97°F,96-97°F,,
2026-05-21,wunderground,66-67°F,66,24/24,66,66.0,66,,,,,66-67°F,66-67°F,66-67°F,66-67°F,,
2026-05-22,wunderground,68-69°F,68,24/24,68,69.0,69,,,,,68-69°F,68-69°F,68-69°F,68-69°F,,
2026-05-23,wunderground,56-57°F,57,24/24,57,58.0,58,,,,,56-57°F,56-57°F,58-59°F,58-59°F,,
2026-05-24,wunderground,56-57°F,57,24/24,57,58.0,58,,,,,56-57°F,56-57°F,58-59°F,58-59°F,,
2026-05-25,wunderground,70°F or higher,75,24/24,75,76.0,76,,,,,70°F or higher,70°F or higher,70°F or higher,70°F or higher,,
2026-05-26,wunderground,80-81°F,80,24/24,80,81.0,81,,,,,80-81°F,80-81°F,80-81°F,80-81°F,,
2026-05-27,wunderground,84-85°F,84,24/24,84,84.0,84,,,,,84-85°F,84-85°F,84-85°F,84-85°F,,
2026-05-28,wunderground,74-75°F,75,24/24,75,75.0,75,,,,,74-75°F,74-75°F,74-75°F,74-75°F,,
2026-05-29,wunderground,78-79°F,78,24/24,78,78.0,78,,,,,78-79°F,78-79°F,78-79°F,78-79°F,,
2026-05-30,wunderground,70-71°F,71,24/24,71,71.0,71,,,,,70-71°F,70-71°F,70-71°F,70-71°F,,
2026-05-31,wunderground,76-77°F,77,24/24,77,78.0,78,,,,,76-77°F,76-77°F,78-79°F,78-79°F,,
2026-06-01,wunderground,68-69°F,69,24/24,69,70.0,70,,,,,68-69°F,68-69°F,70-71°F,70-71°F,,
2026-06-02,wunderground,76-77°F,76,24/24,76,76.0,76,,,,,76-77°F,76-77°F,76-77°F,76-77°F,,
2026-06-03,wunderground,82-83°F,83,24/24,83,83.0,83,,,,,82-83°F,82-83°F,82-83°F,82-83°F,,
2026-06-04,wunderground,86-87°F,86,24/24,86,86.0,86,,,,,86-87°F,86-87°F,86-87°F,86-87°F,,
2026-06-05,wunderground,90-91°F,90,24/24,90,91.0,91,,,,,90-91°F,90-91°F,90-91°F,90-91°F,,
2026-06-06,wunderground,90-91°F,91,23/24,91,91.0,91,,,,,90-91°F,90-91°F,90-91°F,90-91°F,,
2026-06-07,wunderground,80-81°F,81,24/24,81,83.0,83,,,,,80-81°F,80-81°F,82-83°F,82-83°F,,
2026-06-08,wunderground,74-75°F,74,24/24,74,74.0,74,,,,,74-75°F,74-75°F,74-75°F,74-75°F,,
2026-06-09,wunderground,80-81°F,79,24/24,80,81.0,81,,,,,78-79°F,80-81°F,80-81°F,80-81°F,,
2026-06-10,wunderground,82-83°F,83,24/24,83,84.0,84,,,,,82-83°F,82-83°F,84-85°F,84-85°F,,
2026-06-11,wunderground,94-95°F,95,24/24,95,96.0,96,,,,,94-95°F,94-95°F,96-97°F,96-97°F,,
2026-06-12,wunderground,94-95°F,94,24/24,94,98.0,98,,,,,94-95°F,94-95°F,98-99°F,98-99°F,,
2026-06-13,wunderground,88-89°F,88,24/24,88,88.0,88,,,,,88-89°F,88-89°F,88-89°F,88-89°F,,
2026-06-14,wunderground,90-91°F,89,24/24,90,90.0,90,,,,,88-89°F,90-91°F,90-91°F,90-91°F,,
2026-06-15,wunderground,74-75°F,74,24/24,74,75.0,75,,,,,74-75°F,74-75°F,74-75°F,74-75°F,,
2026-06-16,wunderground,78-79°F,78,24/24,78,78.0,78,,,,,78-79°F,78-79°F,78-79°F,78-79°F,,
2026-06-17,wunderground,76-77°F,77,24/24,77,79.0,79,,,,,76-77°F,76-77°F,78-79°F,78-79°F,,
2026-06-18,,,89,24/24,89,90.0,90,,,,,?,?,?,?,,
2026-06-19,wunderground,82-83°F,82,24/24,82,84.0,84,,,,,82-83°F,82-83°F,84-85°F,84-85°F,,
2026-06-20,wunderground,82-83°F,83,24/24,83,83.0,83,,,,,82-83°F,82-83°F,82-83°F,82-83°F,,
2026-06-21,wunderground,84-85°F,84,24/24,84,85.0,85,,,,,84-85°F,84-85°F,84-85°F,84-85°F,,
2026-06-22,wunderground,72-73°F,73,24/24,73,74.0,74,,,,,72-73°F,72-73°F,74-75°F,74-75°F,,
2026-06-23,wunderground,74-75°F,75,24/24,75,75.0,75,,,,,74-75°F,74-75°F,74-75°F,74-75°F,,
2026-06-24,wunderground,82-83°F,82,24/24,82,83.0,83,,,,,82-83°F,82-83°F,82-83°F,82-83°F,,
2026-06-25,wunderground,84-85°F,84,24/24,84,84.0,84,,,,,84-85°F,84-85°F,84-85°F,84-85°F,,
2026-06-26,wunderground,82-83°F,83,24/24,83,84.0,84,,,,,82-83°F,82-83°F,84-85°F,84-85°F,,
2026-06-27,wunderground,78-79°F,78,24/24,78,79.0,79,,,,,78-79°F,78-79°F,78-79°F,78-79°F,,
2026-06-28,wunderground,82-83°F,82,24/24,82,83.0,83,,,,,82-83°F,82-83°F,82-83°F,82-83°F,,
2026-06-29,wunderground,86-87°F,87,24/24,87,88.0,88,,,,,86-87°F,86-87°F,88-89°F,88-89°F,,
2026-06-30,wunderground,90-91°F,90,24/24,90,91.0,91,,,,,90-91°F,90-91°F,90-91°F,90-91°F,,
2026-07-01,wunderground,92-93°F,92,24/24,92,93.0,93,,,,,92-93°F,92-93°F,92-93°F,92-93°F,,
2026-07-02,wunderground,102-103°F,102,24/24,102,104.0,104,,,,,102-103°F,102-103°F,104-105°F,104-105°F,,
2026-07-03,wunderground,100-101°F,100,24/24,100,101.0,101,,,,,100-101°F,100-101°F,100-101°F,100-101°F,,
2026-07-04,wunderground,96-97°F,97,24/24,97,97.0,97,,,,,96-97°F,96-97°F,96-97°F,96-97°F,,
2026-07-05,wunderground,78-79°F,78,24/24,78,78.0,78,,,,,78-79°F,78-79°F,78-79°F,78-79°F,,
2026-07-06,wunderground,70-71°F,70,24/24,71,70.0,70,,,,,70-71°F,70-71°F,70-71°F,70-71°F,,
2026-07-07,wunderground,72-73°F,72,24/24,72,72.0,72,,,,,72-73°F,72-73°F,72-73°F,72-73°F,,
2026-07-08,wunderground,86-87°F,87,24/24,87,87.0,87,,,,,86-87°F,86-87°F,86-87°F,86-87°F,,
2026-07-09,wunderground,86-87°F,87,24/24,87,89.0,89,,,,,86-87°F,86-87°F,88-89°F,88-89°F,,
2026-07-10,wunderground,88-89°F,88,24/24,88,89.0,89,,,,,88-89°F,88-89°F,88-89°F,88-89°F,,
2026-07-11,wunderground,82-83°F,82,24/24,82,83.0,83,,,,,82-83°F,82-83°F,82-83°F,82-83°F,,
2026-07-12,wunderground,84-85°F,85,24/24,85,85.0,85,,,,,84-85°F,84-85°F,84-85°F,84-85°F,,
2026-07-13,wunderground,84-85°F,85,24/24,85,85.0,85,,,,,84-85°F,84-85°F,84-85°F,84-85°F,,
2026-07-14,wunderground,92-93°F,92,24/24,92,93.0,93,,,,,92-93°F,92-93°F,92-93°F,92-93°F,,
2026-07-15,wunderground,98-99°F,98,24/24,98,98.0,98,,,,,98-99°F,98-99°F,98-99°F,98-99°F,,
2026-07-16,wunderground,88-89°F,88,24/24,88,88.0,88,,,,,88-89°F,88-89°F,88-89°F,88-89°F,,
2026-07-17,wunderground,86-87°F,87,24/24,87,88.0,88,,,,,86-87°F,86-87°F,88-89°F,88-89°F,,
2026-07-18,wunderground,80-81°F,80,24/24,80,80.0,80,,,,,80-81°F,80-81°F,80-81°F,80-81°F,,
2026-07-19,wunderground,80-81°F,80,24/24,81,83.0,83,,,,,80-81°F,80-81°F,82-83°F,82-83°F,,
2026-07-20,wunderground,82-83°F,82,24/24,82,83.0,83,,,,,82-83°F,82-83°F,82-83°F,82-83°F,,
2026-07-21,wunderground,82-83°F,82,24/24,82,83.0,83,,,,,82-83°F,82-83°F,82-83°F,82-83°F,,
2026-07-22,wunderground,88-89°F,88,24/24,88,89.0,89,,,,,88-89°F,88-89°F,88-89°F,88-89°F,,
2026-07-23,wunderground,80-81°F,81,24/24,81,82.0,81,,,,,80-81°F,80-81°F,82-83°F,80-81°F,,
2026-07-24,wunderground,82-83°F,82,24/24,82,82.0,82,,,,,82-83°F,82-83°F,82-83°F,82-83°F,,
2026-07-25,wunderground,78-79°F,79,24/24,79,80.0,80,,,,,78-79°F,78-79°F,80-81°F,80-81°F,,
2026-07-26,wunderground,82-83°F,82,24/24,82,84.0,84,,,,,82-83°F,82-83°F,84-85°F,84-85°F,,
2026-07-27,wunderground,84-85°F,84,23/24,84,85.0,85,,,,,84-85°F,84-85°F,84-85°F,84-85°F,,
2026-07-28,wunderground,80-81°F,80,24/24,80,81.0,81,,,,,80-81°F,80-81°F,80-81°F,80-81°F,,
2026-07-29,wunderground,80-81°F,81,24/24,81,83.0,83,,,,,80-81°F,80-81°F,82-83°F,82-83°F,,
2026-07-30,wunderground,76-77°F,76,24/24,76,76.0,76,,,,,76-77°F,76-77°F,76-77°F,76-77°F,,
2026-07-31,wunderground,84-85°F,84,24/24,84,86.0,86,,,,,84-85°F,84-85°F,86-87°F,86-87°F,,
2026-08-01,wunderground,86-87°F,87,24/24,87,87.0,87,,,,,86-87°F,86-87°F,86-87°F,86-87°F,,
2026-08-02,wunderground,84-85°F,85,24/24,85,86.0,86,,,,,84-85°F,84-85°F,86-87°F,86-87°F,,
2026-08-03,wunderground,84-85°F,84,24/24,84,86.0,86,,,,,84-85°F,84-85°F,86-87°F,86-87°F,,
2026-08-04,wunderground,84-85°F,84,24/24,84,85.0,85,,,,,84-85°F,84-85°F,84-85°F,84-85°F,,
2026-08-05,wunderground,84-85°F,84,24/24,84,85.0,85,,,,,84-85°F,84-85°F,84-85°F,84-85°F,,
2026-08-06,wunderground,90-91°F,90,24/24,90,91.0,91,,,,,90-91°F,90-91°F,90-91°F,90-91°F,,
2026-08-07,wunderground,92-93°F,93,24/24,93,94.0,94,,,,,92-93°F,92-93°F,94-95°F,94-95°F,,
2026-08-08,wunderground,90-91°F,91,24/24,91,91.0,91,,,,,90-91°F,90-91°F,90-91°F,90-91°F,,
2026-08-09,wunderground,90-91°F,91,24/24,91,91.0,91,,,,,90-91°F,90-91°F,90-91°F,90-91°F,,
2026-08-10,wunderground,90-91°F,91,24/24,91,91.0,91,,,,,90-91°F,90-91°F,90-91°F,90-91°F,,
2026-08-11,wunderground,86-87°F,86,24/24,87,88.0,88,,,,,86-87°F,86-87°F,88-89°F,88-89°F,,
2026-08-12,wunderground,86-87°F,86,24/24,86,87.0,87,,,,,86-87°F,86-87°F,86-87°F,86-87°F,,
2026-08-13,wunderground,86-87°F,86,24/24,86,86.0,86,,,,,86-87°F,86-87°F,86-87°F,86-87°F,,
2026-08-14,wunderground,86-87°F,86,24/24,86,86.0,86,,,,,86-87°F,86-87°F,86-87°F,86-87°F,,
2026-08-15,wunderground,84-85°F,84,24/24,84,85.0,85,,,,,84-85°F,84-85°F,84-85°F,84-85°F,,
2026-08-16,wunderground,80-81°F,81,24/24,81,82.0,82,,,,,80-81°F,80-81°F,82-83°F,82-83°F,,
2026-08-17,wunderground,80-81°F,79,24/24,80,80.0,80,,,,,78-79°F,80-81°F,80-81°F,80-81°F,,
2026-08-18,wunderground,84-85°F,85,24/24,85,85.0,85,,,,,84-85°F,84-85°F,84-85°F,84-85°F,,
2026-08-19,wunderground,86-87°F,87,24/24,87,88.0,88,,,,,86-87°F,86-87°F,88-89°F,88-89°F,,
2026-08-20,wunderground,84-85°F,85,24/24,85,86.0,86,,,,,84-85°F,84-85°F,86-87°F,86-87°F,,
2026-08-21,wunderground,78-79°F,78,24/24,78,79.0,79,,,,,78-79°F,78-79°F,78-79°F,78-79°F,,
2026-08-22,wunderground,76-77°F,77,24/24,77,77.0,77,,,,,76-77°F,76-77°F,76-77°F,76-77°F,,
2026-08-23,noaa,82-83°F,83,24/24,83,84.0,84,,,,,82-83°F,82-83°F,84-85°F,84-85°F,,
2026-08-24,noaa,80-81°F,81,24/24,81,82.0,82,,,,,80-81°F,80-81°F,82-83°F,82-83°F,,
2026-08-25,noaa,78-79°F,79,24/24,79,80.0,80,,,,,78-79°F,78-79°F,80-81°F,80-81°F,,
2026-08-26,noaa,82-83°F,82,24/24,82,82.0,82,,,,,82-83°F,82-83°F,82-83°F,82-83°F,,
2026-08-27,noaa,76-77°F,77,24/24,77,79.0,79,,,,,76-77°F,76-77°F,78-79°F,78-79°F,,
2026-08-28,noaa,84-85°F,84,24/24,84,85.0,85,,,,,84-85°F,84-85°F,84-85°F,84-85°F,,
2026-08-29,noaa,78-79°F,78,24/24,78,79.0,79,,,,,78-79°F,78-79°F,78-79°F,78-79°F,,
2026-08-30,noaa,80-81°F,81,24/24,81,82.0,82,,,,,80-81°F,80-81°F,82-83°F,82-83°F,,
2026-08-31,noaa,76-77°F,77,24/24,77,78.0,78,,,,,76-77°F,76-77°F,78-79°F,78-79°F,,
2026-09-01,noaa,80-81°F,80,24/24,80,80.0,80,,,,,80-81°F,80-81°F,80-81°F,80-81°F,,
2026-09-02,noaa,74-75°F,74,24/24,74,74.0,74,,,,,74-75°F,74-75°F,74-75°F,74-75°F,,
2026-09-03,noaa,86-87°F,87,24/24,87,88.0,88,,,,,86-87°F,86-87°F,88-89°F,88-89°F,,
2026-09-04,noaa,84-85°F,84,24/24,84,86.0,86,,,,,84-85°F,84-85°F,86-87°F,86-87°F,,
2026-09-05,noaa,78-79°F,79,24/24,79,80.0,80,,,,,78-79°F,78-79°F,80-81°F,80-81°F,,
2026-09-06,noaa,74-75°F,75,24/24,75,77.0,77,,,,,74-75°F,74-75°F,76-77°F,76-77°F,,
2026-09-07,noaa,78-79°F,79,24/24,79,79.0,79,,,,,78-79°F,78-79°F,78-79°F,78-79°F,,
2026-09-08,noaa,80-81°F,80,24/24,80,80.0,80,,,,,80-81°F,80-81°F,80-81°F,80-81°F,,
2026-09-09,noaa,82-83°F,83,24/24,83,84.0,84,,,,,82-83°F,82-83°F,84-85°F,84-85°F,,
2026-09-10,noaa,86-87°F,87,24/24,87,87.0,87,,,,,86-87°F,86-87°F,86-87°F,86-87°F,,
2026-09-11,noaa,80-81°F,80,24/24,80,80.0,80,,,,,80-81°F,80-81°F,80-81°F,80-81°F,,
2026-09-12,noaa,78-79°F,78,23/24,78,79.0,79,,,,,78-79°F,78-79°F,78-79°F,78-79°F,,
2026-09-13,noaa,80-81°F,81,24/24,81,82.0,82,,,81,10/24,80-81°F,80-81°F,82-83°F,82-83°F,,80-81°F
2026-09-14,noaa,76-77°F,77,24/24,77,78.0,78,,,77,24/24,76-77°F,76-77°F,78-79°F,78-79°F,,76-77°F
2026-09-15,noaa,72-73°F,72,24/24,72,73.0,73,,,72,24/24,72-73°F,72-73°F,72-73°F,72-73°F,,72-73°F
2026-09-16,noaa,78-79°F,78,24/24,78,79.0,79,,,78,24/24,78-79°F,78-79°F,78-79°F,78-79°F,,78-79°F
2026-09-17,noaa,84-85°F,84,24/24,84,85.0,85,,,84,24/24,84-85°F,84-85°F,84-85°F,84-85°F,,84-85°F
2026-09-18,noaa,80-81°F,81,24/24,81,81.0,81,,,81,24/24,80-81°F,80-81°F,80-81°F,80-81°F,,80-81°F
2026-09-19,noaa,70-71°F,70,24/24,70,71.0,71,,,70,24/24,70-71°F,70-71°F,70-71°F,70-71°F,,70-71°F
2026-09-20,noaa,72-73°F,71,24/24,72,72.0,72,,,71,24/24,70-71°F,72-73°F,72-73°F,72-73°F,,70-71°F
2026-09-21,noaa,70-71°F,70,24/24,70,71.0,71,,,70,24/24,70-71°F,70-71°F,70-71°F,70-71°F,,70-71°F
2026-09-22,noaa,68-69°F,69,24/24,69,69.0,69,69,20/24,69,24/24,68-69°F,68-69°F,68-69°F,68-69°F,68-69°F,68-69°F
2026-09-23,noaa,70-71°F,70,24/24,70,70.0,70,70,16/24,70,24/24,70-71°F,70-71°F,70-71°F,70-71°F,70-71°F,70-71°F
2026-09-24,noaa,68-69°F,68,24/24,68,69.0,69,68,17/24,68,24/24,68-69°F,68-69°F,68-69°F,68-69°F,68-69°F,68-69°F
2026-09-25,noaa,68-69°F,69,24/24,69,69.0,69,69,20/24,69,24/24,68-69°F,68-69°F,68-69°F,68-69°F,68-69°F,68-69°F
2026-09-26,noaa,62-63°F,63,24/24,63,63.0,63,63,22/24,63,24/24,62-63°F,62-63°F,62-63°F,62-63°F,62-63°F,62-63°F
2026-09-27,noaa,64-65°F,64,24/24,64,64.0,65,64,18/24,64,24/24,64-65°F,64-65°F,64-65°F,64-65°F,64-65°F,64-65°F
